別立ち2_服_イキ顔_2,2_立绘.webp,2880,0,360,360
別立ち2_服_トロ顔_2,2_立绘.webp,3240,0,360,360
別立ち2_服_自慰_2,2_立绘.webp,3240,0,360,360
別立ち2_服_性交_2,2_立绘.webp,3240,0,360,360
別立ち2_服_愛撫_2,2_立绘.webp,3600,0,360,360
別立ち2_服_発情_2,2_立绘.webp,0,360,360,360
別立ち2_服_憤怒_2,2_立绘.webp,360,360,360,360
別立ち2_服_睡眠_2,2_立绘.webp,720,360,360,360
別立ち2_服_通常_2,2_立绘.webp,1080,360,360,360
別立ち2_服_笑顔_2,2_立绘.webp,1440,360,360,360
別立ち2_裸_イキ顔_2,2_立绘.webp,720,720,360,360
別立ち2_裸_トロ顔_2,2_立绘.webp,1080,720,360,360
別立ち2_裸_愛撫_2,2_立绘.webp,1440,720,360,360
別立ち2_裸_発情_2,2_立绘.webp,1800,720,360,360
別立ち2_裸_憤怒_2,2_立绘.webp,2160,720,360,360
別立ち2_裸_汗_2,2_立绘.webp,2520,720,360,360
別立ち2_裸_怒羞_2,2_立绘.webp,2880,720,360,360
別立ち2_裸_睡眠_2,2_立绘.webp,3240,720,360,360
別立ち2_裸_通常_2,2_立绘.webp,3600,720,360,360
別立ち2_裸_笑顔_2,2_立绘.webp,0,1080,360,360
別立ち2_裸_性交_2,2_立绘.webp,360,1080,360,360
別立ち2_裸_自慰_2,2_立绘.webp,720,1080,360,360
別立ち2_服_バニー_イキ顔_2,2_立绘.webp,0,0,360,360
別立ち2_服_バニー_トロ顔_2,2_立绘.webp,360,0,360,360
別立ち2_服_バニー_愛撫_2,2_立绘.webp,720,0,360,360
別立ち2_服_バニー_自慰_2,2_立绘.webp,720,0,360,360
別立ち2_服_バニー_発情_2,2_立绘.webp,1080,0,360,360
別立ち2_服_バニー_憤怒_2,2_立绘.webp,1440,0,360,360
別立ち2_服_バニー_通常_2,2_立绘.webp,1800,0,360,360
別立ち2_服_バニー_笑顔_2,2_立绘.webp,2160,0,360,360
別立ち2_服_バニー_性交_2,2_立绘.webp,2520,0,360,360
別立ち2_服_セーラー_イキ顔_2,2_立绘.webp,1800,360,360,360
別立ち2_服_セーラー_トロ顔_2,2_立绘.webp,2160,360,360,360
別立ち2_服_セーラー_愛撫_2,2_立绘.webp,2520,360,360,360
別立ち2_服_セーラー_自慰_2,2_立绘.webp,2520,360,360,360
別立ち2_服_セーラー_発情_2,2_立绘.webp,2880,360,360,360
別立ち2_服_セーラー_憤怒_2,2_立绘.webp,3240,360,360,360
別立ち2_服_セーラー_通常_2,2_立绘.webp,3600,360,360,360
別立ち2_服_セーラー_笑顔_2,2_立绘.webp,0,720,360,360
別立ち2_服_セーラー_性交_2,2_立绘.webp,360,720,360,360
別立ち2_服_变T_イキ顔_2,2_立绘.webp,1080,1080,360,360
別立ち2_服_变T_トロ顔_2,2_立绘.webp,1440,1080,360,360
別立ち2_服_变T_愛撫_2,2_立绘.webp,1800,1080,360,360
別立ち2_服_变T_発情_2,2_立绘.webp,2160,1080,360,360
別立ち2_服_变T_憤怒_2,2_立绘.webp,2520,1080,360,360
別立ち2_服_变T_通常_2,2_立绘.webp,2880,1080,360,360
別立ち2_服_变T_笑顔_2,2_立绘.webp,3240,1080,360,360
別立ち2_服_变T_性交_2,2_立绘.webp,3600,1080,360,360
別立ち2_服_变T_自慰_2,2_立绘.webp,0,1440,360,360
別顔2_服_イキ顔_2,2_颜绘.webp,0,0,360,360
別顔2_服_トロ顔_2,2_颜绘.webp,360,0,360,360
別顔2_服_性交_2,2_颜绘.webp,360,0,360,360
別顔2_服_自慰_2,2_颜绘.webp,360,0,360,360
別顔2_服_愛撫_2,2_颜绘.webp,720,0,360,360
別顔2_服_発情_2,2_颜绘.webp,1080,0,360,360
別顔2_服_憤怒_2,2_颜绘.webp,1440,0,360,360
別顔2_服_睡眠_2,2_颜绘.webp,1800,0,360,360
別顔2_服_通常_2,2_颜绘.webp,2160,0,360,360
別顔2_服_笑顔_2,2_颜绘.webp,2520,0,360,360
別顔2_服_セーラー_イキ顔_2,2_颜绘.webp,2880,0,360,360
別顔2_服_セーラー_トロ顔_2,2_颜绘.webp,3240,0,360,360
別顔2_服_セーラー_愛撫_2,2_颜绘.webp,3600,0,360,360
別顔2_服_セーラー_自慰_2,2_颜绘.webp,3600,0,360,360
別顔2_服_セーラー_発情_2,2_颜绘.webp,0,360,360,360
別顔2_服_セーラー_憤怒_2,2_颜绘.webp,360,360,360,360
別顔2_服_セーラー_通常_2,2_颜绘.webp,720,360,360,360
別顔2_服_セーラー_笑顔_2,2_颜绘.webp,1080,360,360,360
別顔2_服_セーラー_性交_2,2_颜绘.webp,1440,360,360,360
別顔2_服_バニー_イキ顔_2,2_颜绘.webp,1800,360,360,360
別顔2_服_バニー_トロ顔_2,2_颜绘.webp,2160,360,360,360
別顔2_服_バニー_愛撫_2,2_颜绘.webp,2520,360,360,360
別顔2_服_バニー_自慰_2,2_颜绘.webp,2520,360,360,360
別顔2_服_バニー_発情_2,2_颜绘.webp,2880,360,360,360
別顔2_服_バニー_憤怒_2,2_颜绘.webp,3240,360,360,360
別顔2_服_バニー_通常_2,2_颜绘.webp,3600,360,360,360
別顔2_服_バニー_笑顔_2,2_颜绘.webp,0,720,360,360
別顔2_服_バニー_性交_2,2_颜绘.webp,360,720,360,360
別顔2_服_变T_イキ顔_2,2_颜绘.webp,720,720,360,360
別顔2_服_变T_トロ顔_2,2_颜绘.webp,1080,720,360,360
別顔2_服_变T_愛撫_2,2_颜绘.webp,1440,720,360,360
別顔2_服_变T_発情_2,2_颜绘.webp,1800,720,360,360
別顔2_服_变T_憤怒_2,2_颜绘.webp,2160,720,360,360
別顔2_服_变T_通常_2,2_颜绘.webp,2520,720,360,360
別顔2_服_变T_笑顔_2,2_颜绘.webp,2880,720,360,360
別顔2_服_变T_性交_2,2_颜绘.webp,3240,720,360,360
別顔2_服_变T_自慰_2,2_颜绘.webp,3600,720,360,360
別顔2_裸_イキ顔_2,2_颜绘.webp,0,1080,360,360
別顔2_裸_トロ顔_2,2_颜绘.webp,360,1080,360,360
別顔2_裸_愛撫_2,2_颜绘.webp,720,1080,360,360
別顔2_裸_発情_2,2_颜绘.webp,1080,1080,360,360
別顔2_裸_憤怒_2,2_颜绘.webp,1440,1080,360,360
別顔2_裸_汗_2,2_颜绘.webp,1800,1080,360,360
別顔2_裸_怒羞_2,2_颜绘.webp,2160,1080,360,360
別顔2_裸_睡眠_2,2_颜绘.webp,2520,1080,360,360
別顔2_裸_通常_2,2_颜绘.webp,2880,1080,360,360
別顔2_裸_笑顔_2,2_颜绘.webp,3240,1080,360,360
別顔2_裸_性交_2,2_颜绘.webp,3600,1080,360,360
別顔2_裸_自慰_2,2_颜绘.webp,0,1440,360,360
