别力3_服_水手服_トロ顔_9,9_立绘.webp,1440,0,360,360
别力3_服_水手服_イキ顔_9,9_立绘.webp,0,0,360,360
别力3_服_水手服_性交_9,9_立绘.webp,360,0,360,360
别力3_服_水手服_愛撫_9,9_立绘.webp,720,0,360,360
别力3_服_水手服_愤怒_9,9_立绘.webp,1080,0,360,360
别力3_服_水手服_発情_9,9_立绘.webp,1440,0,360,360
别力3_服_水手服_自慰_9,9_立绘.webp,720,0,360,360
别力3_服_水手服_笑顔_9,9_立绘.webp,1800,0,360,360
别力3_服_水手服_通常_9,9_立绘.webp,2160,0,360,360
别力3_服_兔女郎_トロ顔_9,9_立绘.webp,1440,360,360,360
别力3_服_兔女郎_イキ顔_9,9_立绘.webp,0,360,360,360
别力3_服_兔女郎_性交_9,9_立绘.webp,360,360,360,360
别力3_服_兔女郎_愛撫_9,9_立绘.webp,720,360,360,360
别力3_服_兔女郎_愤怒_9,9_立绘.webp,1080,360,360,360
别力3_服_兔女郎_発情_9,9_立绘.webp,1440,360,360,360
别力3_服_兔女郎_自慰_9,9_立绘.webp,720,360,360,360
别力3_服_兔女郎_笑顔_9,9_立绘.webp,1800,360,360,360
别力3_服_兔女郎_通常_9,9_立绘.webp,2160,360,360,360
别力3_服_睡衣_トロ顔_9,9_立绘.webp,1440,720,360,360
别力3_服_睡衣_イキ顔_9,9_立绘.webp,0,720,360,360
别力3_服_睡衣_性交_9,9_立绘.webp,360,720,360,360
别力3_服_睡衣_愛撫_9,9_立绘.webp,720,720,360,360
别力3_服_睡衣_愤怒_9,9_立绘.webp,1080,720,360,360
别力3_服_睡衣_発情_9,9_立绘.webp,1440,720,360,360
别力3_服_睡衣_自慰_9,9_立绘.webp,720,720,360,360
别力3_服_睡衣_笑顔_9,9_立绘.webp,1800,720,360,360
别力3_服_睡衣_通常_9,9_立绘.webp,2160,720,360,360
别力3_服_睡衣_睡眠_9,9_立绘.webp,2520,720,360,360
别力3_服_下着_トロ顔_9,9_立绘.webp,1440,1080,360,360
别力3_服_下着_イキ顔_9,9_立绘.webp,0,1080,360,360
别力3_服_下着_性交_9,9_立绘.webp,360,1080,360,360
别力3_服_下着_愛撫_9,9_立绘.webp,720,1080,360,360
别力3_服_下着_愤怒_9,9_立绘.webp,1080,1080,360,360
别力3_服_下着_発情_9,9_立绘.webp,1440,1080,360,360
别力3_服_下着_自慰_9,9_立绘.webp,720,1080,360,360
别力3_服_下着_笑顔_9,9_立绘.webp,1800,1080,360,360
别力3_服_下着_通常_9,9_立绘.webp,2160,1080,360,360
别力3_服_トロ顔_9,9_立绘.webp,1440,1440,360,360
别力3_服_イキ顔_9,9_立绘.webp,0,1440,360,360
别力3_服_性交_9,9_立绘.webp,360,1440,360,360
别力3_服_愛撫_9,9_立绘.webp,720,1440,360,360
别力3_服_愤怒_9,9_立绘.webp,1080,1440,360,360
别力3_服_発情_9,9_立绘.webp,1440,1440,360,360
别力3_服_自慰_9,9_立绘.webp,720,1440,360,360
别力3_服_笑顔_9,9_立绘.webp,1800,1440,360,360
别力3_服_通常_9,9_立绘.webp,2160,1440,360,360
别力3_服_睡眠_9,9_立绘.webp,2520,720,360,360
别力3_裸_トロ顔_9,9_立绘.webp,1440,1800,360,360
别力3_裸_イキ顔_9,9_立绘.webp,0,1800,360,360
别力3_裸_性交_9,9_立绘.webp,360,1800,360,360
别力3_裸_愛撫_9,9_立绘.webp,720,1800,360,360
别力3_裸_愤怒_9,9_立绘.webp,1080,1800,360,360
别力3_裸_発情_9,9_立绘.webp,1440,1800,360,360
别力3_裸_自慰_9,9_立绘.webp,720,1800,360,360
别力3_裸_笑顔_9,9_立绘.webp,1800,1800,360,360
别力3_裸_通常_9,9_立绘.webp,2160,1800,360,360
别力3_裸_睡眠_9,9_立绘.webp,2520,1800,360,360
别力3_阴毛_9,9_立绘.webp,2520,1440,360,360
别颜3_服_水手服_トロ顔_9,9_颜绘.webp,1440,0,360,360
别颜3_服_水手服_イキ顔_9,9_颜绘.webp,0,0,360,360
别颜3_服_水手服_性交_9,9_颜绘.webp,360,0,360,360
别颜3_服_水手服_愛撫_9,9_颜绘.webp,720,0,360,360
别颜3_服_水手服_愤怒_9,9_颜绘.webp,1080,0,360,360
别颜3_服_水手服_発情_9,9_颜绘.webp,1440,0,360,360
别颜3_服_水手服_自慰_9,9_颜绘.webp,720,0,360,360
别颜3_服_水手服_笑顔_9,9_颜绘.webp,1800,0,360,360
别颜3_服_水手服_通常_9,9_颜绘.webp,2160,0,360,360
别颜3_服_兔女郎_トロ顔_9,9_颜绘.webp,1440,360,360,360
别颜3_服_兔女郎_イキ顔_9,9_颜绘.webp,0,360,360,360
别颜3_服_兔女郎_性交_9,9_颜绘.webp,360,360,360,360
别颜3_服_兔女郎_愛撫_9,9_颜绘.webp,720,360,360,360
别颜3_服_兔女郎_愤怒_9,9_颜绘.webp,1080,360,360,360
别颜3_服_兔女郎_発情_9,9_颜绘.webp,1440,360,360,360
别颜3_服_兔女郎_自慰_9,9_颜绘.webp,720,360,360,360
别颜3_服_兔女郎_笑顔_9,9_颜绘.webp,1800,360,360,360
别颜3_服_兔女郎_通常_9,9_颜绘.webp,2160,360,360,360
别颜3_服_睡衣_トロ顔_9,9_颜绘.webp,1440,720,360,360
别颜3_服_睡衣_イキ顔_9,9_颜绘.webp,0,720,360,360
别颜3_服_睡衣_性交_9,9_颜绘.webp,360,720,360,360
别颜3_服_睡衣_愛撫_9,9_颜绘.webp,720,720,360,360
别颜3_服_睡衣_愤怒_9,9_颜绘.webp,1080,720,360,360
别颜3_服_睡衣_発情_9,9_颜绘.webp,1440,720,360,360
别颜3_服_睡衣_自慰_9,9_颜绘.webp,720,720,360,360
别颜3_服_睡衣_笑顔_9,9_颜绘.webp,1800,720,360,360
别颜3_服_睡衣_通常_9,9_颜绘.webp,2160,720,360,360
别颜3_服_睡衣_睡眠_9,9_颜绘.webp,2520,720,360,360
别颜3_服_下着_トロ顔_9,9_颜绘.webp,1440,1080,360,360
别颜3_服_下着_イキ顔_9,9_颜绘.webp,0,1080,360,360
别颜3_服_下着_性交_9,9_颜绘.webp,360,1080,360,360
别颜3_服_下着_愛撫_9,9_颜绘.webp,720,1080,360,360
别颜3_服_下着_愤怒_9,9_颜绘.webp,1080,1080,360,360
别颜3_服_下着_発情_9,9_颜绘.webp,1440,1080,360,360
别颜3_服_下着_自慰_9,9_颜绘.webp,720,1080,360,360
别颜3_服_下着_笑顔_9,9_颜绘.webp,1800,1080,360,360
别颜3_服_下着_通常_9,9_颜绘.webp,2160,1080,360,360
别颜3_服_トロ顔_9,9_颜绘.webp,1440,1440,360,360
别颜3_服_イキ顔_9,9_颜绘.webp,0,1440,360,360
别颜3_服_性交_9,9_颜绘.webp,360,1440,360,360
别颜3_服_愛撫_9,9_颜绘.webp,720,1440,360,360
别颜3_服_愤怒_9,9_颜绘.webp,1080,1440,360,360
别颜3_服_発情_9,9_颜绘.webp,1440,1440,360,360
别颜3_服_自慰_9,9_颜绘.webp,720,1440,360,360
别颜3_服_笑顔_9,9_颜绘.webp,1800,1440,360,360
别颜3_服_通常_9,9_颜绘.webp,2160,1440,360,360
别颜3_服_睡眠_9,9_颜绘.webp,2520,720,360,360
别颜3_裸_トロ顔_9,9_颜绘.webp,1440,1800,360,360
别颜3_裸_イキ顔_9,9_颜绘.webp,0,1800,360,360
别颜3_裸_性交_9,9_颜绘.webp,360,1800,360,360
别颜3_裸_愛撫_9,9_颜绘.webp,720,1800,360,360
别颜3_裸_愤怒_9,9_颜绘.webp,1080,1800,360,360
别颜3_裸_発情_9,9_颜绘.webp,1440,1800,360,360
别颜3_裸_自慰_9,9_颜绘.webp,720,1800,360,360
别颜3_裸_笑顔_9,9_颜绘.webp,1800,1800,360,360
别颜3_裸_通常_9,9_颜绘.webp,2160,1800,360,360
别颜3_裸_睡眠_9,9_颜绘.webp,2520,1800,360,360
