别力_服_通常_49,49_别力.webp,0,0,180,180
别力_服_笑顔_49,49_别力.webp,180,0,180,180
别力_服_愤怒_49,49_别力.webp,360,0,180,180
别力_裸_通常_49,49_别力.webp,0,180,180,180
别力_裸_笑顔_49,49_别力.webp,180,180,180,180
别力_裸_愤怒_49,49_别力.webp,360,180,180,180
别颜_服_通常_49,49_别颜.webp,0,0,180,180
别颜_服_笑顔_49,49_别颜.webp,180,0,180,180
别颜_服_愤怒_49,49_别颜.webp,360,0,180,180
别颜_服_睡眠_49,49_别颜.webp,720,0,180,180
别颜_服_発情_49,49_别颜.webp,900,0,180,180
别颜_裸_通常_49,49_别颜.webp,0,180,180,180
别颜_裸_笑顔_49,49_别颜.webp,180,180,180,180
别颜_裸_愤怒_49,49_别颜.webp,360,180,180,180
别颜_裸_睡眠_49,49_别颜.webp,720,180,180,180
别颜_裸_発情_49,49_别颜.webp,900,180,180,180
别颜_裸_自慰_49,49_别颜.webp,720,180,180,180
别颜_裸_愛撫_49,49_别颜.webp,0,540,180,180
别颜_裸_性交_49,49_别颜.webp,180,540,180,180
别颜_裸_裸通常_49,49_别颜.webp,0,360,180,180
别颜_裸_裸笑顔_49,49_别颜.webp,180,360,180,180
别颜_裸_裸愤怒_49,49_别颜.webp,360,360,180,180
别颜_裸_裸発情_49,49_别颜.webp,900,360,180,180
别颜_照れ_49,49_别颜.webp,540,0,180,180
别颜_吐息_49,49_别颜.webp,360,540,180,180
别颜_汗_49,49_别颜.webp,540,540,180,180
别颜_服_Smug_49,49_别颜_1.webp,0,0,180,180
别颜_裸_Smug_49,49_别颜_1.webp,0,180,180,180
别颜2_服_通常_49,49_别颜2.webp,0,0,180,180
别颜2_服_笑顔_49,49_别颜2.webp,180,0,180,180
别颜2_服_愤怒_49,49_别颜2.webp,360,0,180,180
别颜2_服_睡眠_49,49_别颜2.webp,720,0,180,180
别颜2_服_発情_49,49_别颜2.webp,900,0,180,180
别颜2_裸_通常_49,49_别颜2.webp,0,180,180,180
别颜2_裸_笑顔_49,49_别颜2.webp,180,180,180,180
别颜2_裸_愤怒_49,49_别颜2.webp,360,180,180,180
别颜2_裸_睡眠_49,49_别颜2.webp,720,180,180,180
别颜2_裸_発情_49,49_别颜2.webp,900,180,180,180
别颜2_裸_自慰_49,49_别颜2.webp,720,180,180,180
别颜2_裸_愛撫_49,49_别颜2.webp,0,540,180,180
别颜2_裸_性交_49,49_别颜2.webp,180,540,180,180
别颜2_裸_裸通常_49,49_别颜2.webp,0,360,180,180
别颜2_裸_裸笑顔_49,49_别颜2.webp,180,360,180,180
别颜2_裸_裸愤怒_49,49_别颜2.webp,360,360,180,180
别颜2_裸_裸発情_49,49_别颜2.webp,900,360,180,180
别颜2_照れ_49,49_别颜2.webp,540,0,180,180
别颜2_吐息_49,49_别颜2.webp,360,540,180,180
别颜2_汗_49,49_别颜2.webp,540,540,180,180
