別顔_服_通常_63,63_別顔.webp,0,0,180,180
別顔_裸_通常_63,63_別顔.webp,180,0,180,180
別顔_服_フード_通常_63,63_別顔.webp,360,0,180,180
別顔_服_バニー_通常_63,63_別顔.webp,540,0,180,180
別顔_服_セーラー服_通常_63,63_別顔.webp,720,0,180,180
別顔_服_ヘカＴ_通常_63,63_別顔.webp,900,0,180,180
63別顔_表情笑顔,63_別顔.webp,0,180,180,180
63別顔_表情笑顔２,63_別顔.webp,180,180,180,180
63別顔_表情赤面,63_別顔.webp,360,180,180,180
63別顔_表情憤怒,63_別顔.webp,540,180,180,180
63別顔_表情激怒,63_別顔.webp,720,180,180,180
63別顔_表情発情,63_別顔.webp,900,180,180,180
63別顔_表情トロ顔,63_別顔.webp,0,360,180,180
63別顔_表情イキ顔,63_別顔.webp,180,360,180,180
63別顔_表情睡眠,63_別顔.webp,360,360,180,180
;別顔_母乳_63,63_別顔.webp,0,540,180,180
別顔_中出し_63,63_別顔.webp,180,540,180,180
別顔_ハート_63,63_別顔.webp,720,540,180,180
別顔_子宮_63,63_別顔.webp,900,360,180,180
別立ち_服_通常_63,63_別立ち.webp,0,0,180,180
別立ち_裸_通常_63,63_別立ち.webp,180,0,180,180
別立ち_服_フード_通常_63,63_別立ち.webp,360,0,180,180
別立ち_服_バニー_通常_63,63_別立ち.webp,540,0,180,180
別立ち_服_セーラー服_通常_63,63_別立ち.webp,720,0,180,180
別立ち_服_ヘカＴ_通常_63,63_別立ち.webp,900,0,180,180
63別立ち_表情笑顔,63_別立ち.webp,0,180,180,180
63別立ち_表情笑顔２,63_別立ち.webp,180,180,180,180
63別立ち_表情赤面,63_別立ち.webp,360,180,180,180
63別立ち_表情憤怒,63_別立ち.webp,540,180,180,180
63別立ち_表情激怒,63_別立ち.webp,720,180,180,180
63別立ち_表情発情,63_別立ち.webp,900,180,180,180
63別立ち_表情トロ顔,63_別立ち.webp,0,360,180,180
63別立ち_表情イキ顔,63_別立ち.webp,180,360,180,180
63別立ち_表情睡眠,63_別立ち.webp,360,360,180,180
別立ち_服_妊娠服_通常_63,63_別立ち.webp,0,540,180,180
別立ち_妊娠裸_通常_63,63_別立ち.webp,180,540,180,180
別立ち_服_妊娠服_フード_通常_63,63_別立ち.webp,360,540,180,180
別立ち_服_妊娠服_バニー_通常_63,63_別立ち.webp,540,540,180,180
別立ち_服_妊娠服_セーラー服_通常_63,63_別立ち.webp,720,540,180,180
別立ち_服_妊娠服_ヘカＴ_通常_63,63_別立ち.webp,900,540,180,180
K63_sex_1_0,63_com.webp,0,0,180,180
K63_sex_2_0,63_com.webp,180,0,180,180
K63_sex_3_0,63_com.webp,360,0,180,180
K63_sex_4_0,63_com.webp,540,0,180,180
K63_sex_5_0,63_com.webp,720,0,180,180
K63_sex_orgasm_1_0,63_com.webp,0,180,180,180
K63_sex_orgasm_2_0,63_com.webp,180,180,180,180
K63_sex_orgasm_3_0,63_com.webp,360,180,180,180
K63_sex_orgasm_4_0,63_com.webp,540,180,180,180
K63_sex_orgasm_5_0,63_com.webp,720,180,180,180
K63_sex_orgasm_1_1,63_com.webp,0,360,180,180
K63_sex_orgasm_2_1,63_com.webp,180,360,180,180
K63_sex_orgasm_3_1,63_com.webp,360,360,180,180
K63_sex_orgasm_4_1,63_com.webp,540,360,180,180
K63_sex_orgasm_5_1,63_com.webp,720,360,180,180
K63_nipples,63_com.webp,0,540,180,180
K63_lactation_front,63_com.webp,180,540,180,180
K63_lactation_behind,63_com.webp,360,540,180,180
K63_lactation_sucking,63_com.webp,540,540,180,180
K63_cunnilingus,63_com.webp,720,540,180,180
K63_pregnant_sex_1_0,63_com.webp,0,720,180,180
K63_pregnant_sex_2_0,63_com.webp,180,720,180,180
K63_pregnant_sex_3_0,63_com.webp,360,720,180,180
K63_pregnant_sex_4_0,63_com.webp,540,720,180,180
K63_pregnant_sex_5_0,63_com.webp,720,720,180,180
K63_oral,63_com.webp,0,900,180,180
K63_oral_1,63_com.webp,180,900,180,180
K63_oral_osouji,63_com.webp,360,900,180,180
K63_paizuri,63_com.webp,540,900,180,180
K63_paizuri_1,63_com.webp,720,900,180,180
K63_nude_kiss_1,63_com.webp,0,1080,180,180
K63_nude_kiss_2,63_com.webp,180,1080,180,180
K63_nude_kiss_3,63_com.webp,360,1080,180,180
K63_nude_kiss_4,63_com.webp,540,1080,180,180
K63_caress,63_com.webp,720,1080,180,180
K63_yawning,63_event.webp,0,0,180,180
K63_morning_1,63_event.webp,180,0,180,180
K63_morning_2,63_event.webp,360,0,180,180
K63_morning_3,63_event.webp,540,0,180,180
K63_朝チュン,63_event.webp,720,0,180,180
K63_with_baby,63_event.webp,900,0,180,180
K63_with_child,63_event.webp,1080,0,180,180
K63_visit,63_event.webp,0,180,180,180
K63_princess_carry,63_event.webp,180,180,180,180
K63_dance_1,63_event.webp,360,180,180,180
K63_dance_2,63_event.webp,540,180,180,180
K63_onabanki,63_event.webp,720,180,180,180
K63_dinner,63_event.webp,900,180,180,180
K63_working_banki,63_event.webp,1080,180,180,180
K63_bath,63_event.webp,0,360,180,180
K63_bath_1,63_event.webp,180,360,180,180
K63_bath_2,63_event.webp,360,360,180,180
K63_bath_sex,63_event.webp,540,360,180,180
K63_irai,63_event.webp,720,360,180,180
K63_irai_1,63_event.webp,900,360,180,180
K63_irai_2,63_event.webp,1080,360,180,180
K63_hug,63_event.webp,0,540,180,180
K63_threatening,63_event.webp,180,540,180,180
K63_dating,63_event.webp,360,540,180,180
K63_dating_preg,63_event.webp,540,540,180,180
K63_hug_1,63_event.webp,720,540,180,180
K63_kiss_clothed,63_event.webp,900,540,180,180
K63_seductive,63_event.webp,1080,540,180,180
K63_pushdown,63_event.webp,0,720,180,180
K63_pushdown_serafuku,63_event.webp,180,720,180,180
K63_undressing_normal,63_event.webp,360,720,180,180
K63_undressing_serafuku,63_event.webp,540,720,180,180
K63_undressing_bunny,63_event.webp,720,720,180,180
K63_undressing_preg,63_event.webp,900,720,180,180
K63_penis_awe,63_event.webp,1080,720,180,180
K63_aftersex,63_event.webp,0,900,180,180
K63_aftersex_preg,63_event.webp,180,900,180,180
K63_holding_cum,63_event.webp,360,900,180,180
K63_aftersex_kiss,63_event.webp,540,900,180,180
K63_hug_2,63_event.webp,720,900,180,180
K63_cheek,63_event.webp,900,900,180,180
K63_reaching,63_event.webp,1080,900,180,180
K63_hunting,63_event.webp,0,1080,180,180
K63_fishing,63_event.webp,180,1080,180,180
K63_cooking,63_event.webp,360,1080,180,180
K63_eating,63_event.webp,540,1080,180,180
K63_alchemy,63_event.webp,720,1080,180,180
K63_singing,63_event.webp,900,1080,180,180
K63_cleaning,63_event.webp,1080,1080,180,180
K63_kagewaka_1,63_event.webp,0,1260,180,180
K63_beast_grab,63_event.webp,180,1260,180,180
K63_ass_grab,63_event.webp,360,1260,180,180
K63_studying,63_event.webp,540,1260,180,180
;K63_alchemy,63_event.webp,720,1080,180,180
;K63_singing,63_event.webp,900,1080,180,180
K63_bed_invitation,63_rectangular.webp,0,0,270,180
K63_aftersex_preg_1,63_rectangular.webp,270,0,270,180
K63_mountkiss,63_rectangular.webp,540,0,270,180
K63_pregnant_sex_2_1,63_rectangular.webp,0,180,270,180
K63_pregnant_sex_3_1,63_rectangular.webp,270,180,270,180
K63_matingpress,63_rectangular.webp,540,180,270,180
K63_sex_orgasm_1_2,63_rectangular.webp,0,360,270,180
K63_legup_1,63_rectangular.webp,270,360,270,180
K63_caress_1,63_rectangular.webp,540,360,270,180
K63_breasts_onface,63_rectangular.webp,0,540,270,180
K63_mountkiss_1,63_rectangular.webp,270,540,270,180
K63_licking,63_rectangular.webp,540,540,270,180
K63_kageban,63_rectangular.webp,0,720,270,180
K63_kageban_1,63_rectangular.webp,270,720,270,180
K63_kagewaka,63_rectangular.webp,540,720,270,180
K63_kagewaka_2,63_rectangular.webp,0,900,270,180
K63_kengaku,63_rectangular.webp,270,900,270,180
K63_3girls,63_rectangular.webp,540,900,270,180
K63_pushdown_heat,63_rectangular.webp,800,0,180,270
K63_nightgown,63_rectangular.webp,980,0,180,270
K63_sex_orgasm_3_2,63_rectangular.webp,800,270,180,270
K63_sex_orgasm_2_2,63_rectangular.webp,980,270,180,270
K63_pregnant_sex_1_1,63_rectangular.webp,800,540,180,270
K63_pregnant_sex_3_2,63_rectangular.webp,980,540,180,270
K63_caress_2,63_rectangular.webp,800,720,180,270
K63_kengaku_1,63_rectangular.webp,980,720,180,270
;別顔_服_通常_63,63_別顔.webp,0,0,180,180
;別顔_裸_通常_63,63_別顔.webp,180,0,180,180
;63別顔_表情笑顔,63_別顔.webp,360,0,180,180
;63別顔_表情憤怒,63_別顔.webp,540,0,180,180
;63別顔_表情発情,63_別顔.webp,720,0,180,180
;63別顔_表情トロ顔,63_別顔.webp,900,0,180,180
;63別顔_表情イキ顔,63_別顔.webp,1080,0,180,180
;別顔_服_セーラー_通常_63,63_別顔.webp,0,180,180,180
;別顔_服_フード_通常_63,63_別顔.webp,180,180,180,180
;別顔_服_バニー_通常_63,63_別顔.webp,360,180,180,180
;63別顔_表情激怒,63_別顔.webp,540,180,180,180
;63別顔_表情笑顔２,63_別顔.webp,720,180,180,180
;63別顔_表情ウィンク,63_別顔.webp,900,180,180,180
;63別顔_表情LOVE,63_別顔.webp,1080,180,180,180
;別顔_母乳_63,63_別顔.webp,0,360,180,180
;別顔_吐息_63,63_別顔.webp,180,360,180,180
