别力_服_通常_159,159_立.png,0,0,180,180
别力_服_笑顔_159,159_立.png,180,0,180,180
别力_服_愤怒_159,159_立.png,360,0,180,180
别力_裸_通常_159,159_立.png,0,180,180,180
别力_裸_笑顔_159,159_立.png,180,180,180,180
别力_裸_愤怒_159,159_立.png,360,180,180,180
别颜_服_通常_159,159_顔.webp,0,0,300,300
别颜_服_笑顔_159,159_顔.webp,300,0,300,300
别颜_服_愤怒_159,159_顔.webp,600,0,300,300
别颜_服_発情_159,159_顔.webp,1500,0,300,300
别颜_裸_通常_159,159_顔.webp,0,300,300,300
别颜_裸_笑顔_159,159_顔.webp,300,300,300,300
别颜_裸_愤怒_159,159_顔.webp,600,300,300,300
别颜_裸_発情_159,159_顔.webp,1500,300,300,300
别颜_裸_自慰_159,159_顔.webp,1200,300,300,300
别颜_裸_愛撫_159,159_顔.webp,0,600,300,300
别颜_裸_性交_159,159_顔.webp,300,600,300,300
别颜_照れ_159,159_顔.webp,900,0,300,300
别颜_吐息_159,159_顔.webp,600,600,300,300
