別立ち5_服_通常_15,15_OwO咲夜立绘服.webp,0,0,400,400
別立ち5_服_笑顔_15,15_OwO咲夜立绘服.webp,400,0,400,400
別立ち5_服_憤怒_15,15_OwO咲夜立绘服.webp,800,0,400,400
別立ち5_服_発情_15,15_OwO咲夜立绘服.webp,1200,0,400,400
別立ち5_服_冬装_通常_15,15_OwO咲夜立绘服.webp,1600,0,400,400
別立ち5_服_冬装_笑顔_15,15_OwO咲夜立绘服.webp,2000,0,400,400
別立ち5_服_冬装_憤怒_15,15_OwO咲夜立绘服.webp,2400,0,400,400
別立ち5_服_冬装_発情_15,15_OwO咲夜立绘服.webp,2800,0,400,400
別立ち5_服_水手服_通常_15,15_OwO咲夜立绘服.webp,0,400,400,400
別立ち5_服_水手服_笑顔_15,15_OwO咲夜立绘服.webp,400,400,400,400
別立ち5_服_水手服_憤怒_15,15_OwO咲夜立绘服.webp,800,400,400,400
別立ち5_服_水手服_発情_15,15_OwO咲夜立绘服.webp,1200,400,400,400
別立ち5_服_礼服_通常_15,15_OwO咲夜立绘服.webp,1600,400,400,400
別立ち5_服_礼服_笑顔_15,15_OwO咲夜立绘服.webp,2000,400,400,400
別立ち5_服_礼服_憤怒_15,15_OwO咲夜立绘服.webp,2400,400,400,400
別立ち5_服_礼服_発情_15,15_OwO咲夜立绘服.webp,2800,400,400,400
別立ち5_服_约会服_通常_15,15_OwO咲夜立绘服.webp,0,800,400,400
別立ち5_服_约会服_笑顔_15,15_OwO咲夜立绘服.webp,400,800,400,400
別立ち5_服_约会服_憤怒_15,15_OwO咲夜立绘服.webp,800,800,400,400
別立ち5_服_约会服_発情_15,15_OwO咲夜立绘服.webp,1200,800,400,400
別立ち5_服_兔女郎_通常_15,15_OwO咲夜立绘服.webp,1600,800,400,400
別立ち5_服_兔女郎_笑顔_15,15_OwO咲夜立绘服.webp,2000,800,400,400
別立ち5_服_兔女郎_憤怒_15,15_OwO咲夜立绘服.webp,2400,800,400,400
別立ち5_服_兔女郎_発情_15,15_OwO咲夜立绘服.webp,2800,800,400,400
別立ち5_服_黑内衣_通常_15,15_OwO咲夜立绘服.webp,0,1200,400,400
別立ち5_服_黑内衣_笑顔_15,15_OwO咲夜立绘服.webp,400,1200,400,400
別立ち5_服_黑内衣_憤怒_15,15_OwO咲夜立绘服.webp,800,1200,400,400
別立ち5_服_黑内衣_発情_15,15_OwO咲夜立绘服.webp,1200,1200,400,400
別立ち5_服_白内衣_通常_15,15_OwO咲夜立绘服.webp,1600,1200,400,400
別立ち5_服_白内衣_笑顔_15,15_OwO咲夜立绘服.webp,2000,1200,400,400
別立ち5_服_白内衣_憤怒_15,15_OwO咲夜立绘服.webp,2400,1200,400,400
別立ち5_服_白内衣_発情_15,15_OwO咲夜立绘服.webp,2800,1200,400,400
別立ち5_裸_通常_15,15_OwO咲夜立绘裸.webp,0,0,400,400
別立ち5_裸_笑顔_15,15_OwO咲夜立绘裸.webp,400,0,400,400
別立ち5_裸_憤怒_15,15_OwO咲夜立绘裸.webp,800,0,400,400
別立ち5_裸_発情_15,15_OwO咲夜立绘裸.webp,1200,0,400,400
別顔5_服_通常_15,15_OwO咲夜颜绘服.webp,0,0,400,400
別顔5_服_笑顔_15,15_OwO咲夜颜绘服.webp,400,0,400,400
別顔5_服_憤怒_15,15_OwO咲夜颜绘服.webp,800,0,400,400
別顔5_服_発情_15,15_OwO咲夜颜绘服.webp,1200,0,400,400
別顔5_服_冬装_通常_15,15_OwO咲夜颜绘服.webp,1600,0,400,400
別顔5_服_冬装_笑顔_15,15_OwO咲夜颜绘服.webp,2000,0,400,400
別顔5_服_冬装_憤怒_15,15_OwO咲夜颜绘服.webp,2400,0,400,400
別顔5_服_冬装_発情_15,15_OwO咲夜颜绘服.webp,2800,0,400,400
別顔5_服_水手服_通常_15,15_OwO咲夜颜绘服.webp,0,400,400,400
別顔5_服_水手服_笑顔_15,15_OwO咲夜颜绘服.webp,400,400,400,400
別顔5_服_水手服_憤怒_15,15_OwO咲夜颜绘服.webp,800,400,400,400
別顔5_服_水手服_発情_15,15_OwO咲夜颜绘服.webp,1200,400,400,400
別顔5_服_礼服_通常_15,15_OwO咲夜颜绘服.webp,1600,400,400,400
別顔5_服_礼服_笑顔_15,15_OwO咲夜颜绘服.webp,2000,400,400,400
別顔5_服_礼服_憤怒_15,15_OwO咲夜颜绘服.webp,2400,400,400,400
別顔5_服_礼服_発情_15,15_OwO咲夜颜绘服.webp,2800,400,400,400
別顔5_服_约会服_通常_15,15_OwO咲夜颜绘服.webp,0,800,400,400
別顔5_服_约会服_笑顔_15,15_OwO咲夜颜绘服.webp,400,800,400,400
別顔5_服_约会服_憤怒_15,15_OwO咲夜颜绘服.webp,800,800,400,400
別顔5_服_约会服_発情_15,15_OwO咲夜颜绘服.webp,1200,800,400,400
別顔5_服_兔女郎_通常_15,15_OwO咲夜颜绘服.webp,1600,800,400,400
別顔5_服_兔女郎_笑顔_15,15_OwO咲夜颜绘服.webp,2000,800,400,400
別顔5_服_兔女郎_憤怒_15,15_OwO咲夜颜绘服.webp,2400,800,400,400
別顔5_服_兔女郎_発情_15,15_OwO咲夜颜绘服.webp,2800,800,400,400
別顔5_服_黑内衣_通常_15,15_OwO咲夜颜绘服.webp,0,1200,400,400
別顔5_服_黑内衣_笑顔_15,15_OwO咲夜颜绘服.webp,400,1200,400,400
別顔5_服_黑内衣_憤怒_15,15_OwO咲夜颜绘服.webp,800,1200,400,400
別顔5_服_黑内衣_発情_15,15_OwO咲夜颜绘服.webp,1200,1200,400,400
別顔5_服_白内衣_通常_15,15_OwO咲夜颜绘服.webp,1600,1200,400,400
別顔5_服_白内衣_笑顔_15,15_OwO咲夜颜绘服.webp,2000,1200,400,400
別顔5_服_白内衣_憤怒_15,15_OwO咲夜颜绘服.webp,2400,1200,400,400
別顔5_服_白内衣_発情_15,15_OwO咲夜颜绘服.webp,2800,1200,400,400
別顔5_裸_通常_15,15_OwO咲夜颜绘裸.webp,0,0,400,400
別顔5_裸_笑顔_15,15_OwO咲夜颜绘裸.webp,400,0,400,400
別顔5_裸_憤怒_15,15_OwO咲夜颜绘裸.webp,800,0,400,400
別顔5_裸_発情_15,15_OwO咲夜颜绘裸.webp,1200,0,400,400
