別立ち_服_通常_133,133_isaac.webp,0,0,400,400
別立ち_服_笑顔_133,133_isaac.webp,400,0,400,400
別立ち_服_憤怒_133,133_isaac.webp,800,0,400,400
別立ち_裸_通常_133,133_isaac.webp,0,400,400,400
別立ち_裸_笑顔_133,133_isaac.webp,400,400,400,400
別立ち_裸_憤怒_133,133_isaac.webp,800,400,400,400
別顔_服_通常_133,133_isaac.webp,100,40,200,200
別顔_服_笑顔_133,133_isaac.webp,500,40,200,200
別顔_服_憤怒_133,133_isaac.webp,900,40,200,200
別顔_裸_通常_133,133_isaac.webp,100,440,200,200
別顔_裸_笑顔_133,133_isaac.webp,500,440,200,200
別顔_裸_憤怒_133,133_isaac.webp,900,440,200,200
